configuration,repeat,role,metric,value,unit,direction,denominator,scope,primary,complete
exa,1,scored,precision,0.5490196078431373,fraction,higher,47,core,False,True
exa,1,scored,recall,0.5957446808510638,fraction,higher,47,core,False,True
exa,1,scored,f1,0.5714285714285715,fraction,higher,47,core,False,True
exa,1,scored,F2,0.5857740585774058,fraction,higher,47,core,True,True
exa,1,scored,tp,28,count,higher,47,core,False,True
exa,1,scored,fp,23,count,lower,47,core,False,True
exa,1,scored,fn,19,count,lower,47,core,False,True
exa,1,scored,prs,11,count,higher,47,core,False,True
exa,1,scored,precision,0.54,fraction,higher,43,strict,False,True
exa,1,scored,recall,0.627906976744186,fraction,higher,43,strict,False,True
exa,1,scored,f1,0.5806451612903226,fraction,higher,43,strict,False,True
exa,1,scored,F2,0.608108108108108,fraction,higher,43,strict,False,True
exa,1,scored,tp,27,count,higher,43,strict,False,True
exa,1,scored,fp,23,count,lower,43,strict,False,True
exa,1,scored,fn,16,count,lower,43,strict,False,True
exa,1,scored,prs,11,count,higher,43,strict,False,True
exa,1,scored,precision,0.5490196078431373,fraction,higher,48,all,False,True
exa,1,scored,recall,0.5833333333333334,fraction,higher,48,all,False,True
exa,1,scored,f1,0.5656565656565657,fraction,higher,48,all,False,True
exa,1,scored,F2,0.5761316872427983,fraction,higher,48,all,False,True
exa,1,scored,tp,28,count,higher,48,all,False,True
exa,1,scored,fp,23,count,lower,48,all,False,True
exa,1,scored,fn,20,count,lower,48,all,False,True
exa,1,scored,prs,11,count,higher,48,all,False,True
keenable,1,scored,precision,0.47619047619047616,fraction,higher,47,core,False,True
keenable,1,scored,recall,0.6382978723404256,fraction,higher,47,core,False,True
keenable,1,scored,f1,0.5454545454545455,fraction,higher,47,core,False,True
keenable,1,scored,F2,0.5976095617529881,fraction,higher,47,core,True,True
keenable,1,scored,tp,30,count,higher,47,core,False,True
keenable,1,scored,fp,33,count,lower,47,core,False,True
keenable,1,scored,fn,17,count,lower,47,core,False,True
keenable,1,scored,prs,11,count,higher,47,core,False,True
keenable,1,scored,precision,0.47619047619047616,fraction,higher,43,strict,False,True
keenable,1,scored,recall,0.6976744186046512,fraction,higher,43,strict,False,True
keenable,1,scored,f1,0.5660377358490566,fraction,higher,43,strict,False,True
keenable,1,scored,F2,0.6382978723404256,fraction,higher,43,strict,False,True
keenable,1,scored,tp,30,count,higher,43,strict,False,True
keenable,1,scored,fp,33,count,lower,43,strict,False,True
keenable,1,scored,fn,13,count,lower,43,strict,False,True
keenable,1,scored,prs,11,count,higher,43,strict,False,True
keenable,1,scored,precision,0.47619047619047616,fraction,higher,48,all,False,True
keenable,1,scored,recall,0.625,fraction,higher,48,all,False,True
keenable,1,scored,f1,0.5405405405405405,fraction,higher,48,all,False,True
keenable,1,scored,F2,0.5882352941176471,fraction,higher,48,all,False,True
keenable,1,scored,tp,30,count,higher,48,all,False,True
keenable,1,scored,fp,33,count,lower,48,all,False,True
keenable,1,scored,fn,18,count,lower,48,all,False,True
keenable,1,scored,prs,11,count,higher,48,all,False,True
native,1,scored,precision,0.6511627906976745,fraction,higher,47,core,False,True
native,1,scored,recall,0.5957446808510638,fraction,higher,47,core,False,True
native,1,scored,f1,0.6222222222222222,fraction,higher,47,core,False,True
native,1,scored,F2,0.6060606060606061,fraction,higher,47,core,True,True
native,1,scored,tp,28,count,higher,47,core,False,True
native,1,scored,fp,15,count,lower,47,core,False,True
native,1,scored,fn,19,count,lower,47,core,False,True
native,1,scored,prs,11,count,higher,47,core,False,True
native,1,scored,precision,0.6511627906976745,fraction,higher,43,strict,False,True
native,1,scored,recall,0.6511627906976745,fraction,higher,43,strict,False,True
native,1,scored,f1,0.6511627906976745,fraction,higher,43,strict,False,True
native,1,scored,F2,0.6511627906976745,fraction,higher,43,strict,False,True
native,1,scored,tp,28,count,higher,43,strict,False,True
native,1,scored,fp,15,count,lower,43,strict,False,True
native,1,scored,fn,15,count,lower,43,strict,False,True
native,1,scored,prs,11,count,higher,43,strict,False,True
native,1,scored,precision,0.6511627906976745,fraction,higher,48,all,False,True
native,1,scored,recall,0.5833333333333334,fraction,higher,48,all,False,True
native,1,scored,f1,0.6153846153846155,fraction,higher,48,all,False,True
native,1,scored,F2,0.5957446808510639,fraction,higher,48,all,False,True
native,1,scored,tp,28,count,higher,48,all,False,True
native,1,scored,fp,15,count,lower,48,all,False,True
native,1,scored,fn,20,count,lower,48,all,False,True
native,1,scored,prs,11,count,higher,48,all,False,True
none,1,scored,precision,0.6,fraction,higher,47,core,False,True
none,1,scored,recall,0.6382978723404256,fraction,higher,47,core,False,True
none,1,scored,f1,0.6185567010309279,fraction,higher,47,core,False,True
none,1,scored,F2,0.6302521008403361,fraction,higher,47,core,True,True
none,1,scored,tp,30,count,higher,47,core,False,True
none,1,scored,fp,20,count,lower,47,core,False,True
none,1,scored,fn,17,count,lower,47,core,False,True
none,1,scored,prs,11,count,higher,47,core,False,True
none,1,scored,precision,0.5918367346938775,fraction,higher,43,strict,False,True
none,1,scored,recall,0.6744186046511628,fraction,higher,43,strict,False,True
none,1,scored,f1,0.6304347826086958,fraction,higher,43,strict,False,True
none,1,scored,F2,0.6561085972850679,fraction,higher,43,strict,False,True
none,1,scored,tp,29,count,higher,43,strict,False,True
none,1,scored,fp,20,count,lower,43,strict,False,True
none,1,scored,fn,14,count,lower,43,strict,False,True
none,1,scored,prs,11,count,higher,43,strict,False,True
none,1,scored,precision,0.6,fraction,higher,48,all,False,True
none,1,scored,recall,0.625,fraction,higher,48,all,False,True
none,1,scored,f1,0.6122448979591836,fraction,higher,48,all,False,True
none,1,scored,F2,0.6198347107438017,fraction,higher,48,all,False,True
none,1,scored,tp,30,count,higher,48,all,False,True
none,1,scored,fp,20,count,lower,48,all,False,True
none,1,scored,fn,18,count,lower,48,all,False,True
none,1,scored,prs,11,count,higher,48,all,False,True
